alias,canonical,count,last_used_at,created_at
"vg","뱅상 지라르댕",89,"2026-01-14 01:58:22","2026-01-12 02:58:41"
"ro","로버트 오틀리",65,"2026-01-14 01:58:23","2026-01-12 03:09:28"
"ml","3003021",56,"2026-01-14 01:58:22","2026-01-14 01:57:56"
"rdb","3015440",56,"2026-01-14 01:58:22","2026-01-14 01:57:56"
"mr","3015440",48,"2026-01-14 01:58:22","2026-01-14 01:57:56"
"gp","AC74001",40,"2026-01-14 01:58:23","2026-01-14 01:57:57"
"ch","찰스 하이직",38,"2026-01-14 01:58:22","2026-01-12 02:50:11"
"rb","로저 벨랑",35,"2026-01-14 01:58:23","2026-01-12 02:58:41"
"bm","마데이라",33,"2026-01-14 01:58:23","2026-01-12 03:04:18"
"a","3120804",30,"2026-01-14 01:58:23","2026-01-14 01:57:57"
"r","1H19001",30,"2026-01-14 01:58:23","2026-01-14 01:57:56"
"dd","도멘 기 이반 뒤폴레르",29,"2026-01-14 01:58:22","2026-01-12 02:58:41"
"va","뵈브 암발",29,"2026-01-14 01:58:22","2026-01-12 02:57:38"
"rd","3021062",28,"2026-01-14 01:58:22","2026-01-14 01:57:56"
"lc","레이크 찰리스",25,"2026-01-14 01:58:23","2026-01-12 03:09:29"
"p","2118039",24,"2026-01-14 01:58:23","2026-01-14 01:57:57"
"c","2C19001",24,"2026-01-14 01:58:23","2026-01-14 01:57:57"
"rc","1H19001",24,"2026-01-14 01:58:23","2026-01-14 01:57:56"
"cl","클레멍 라발리",23,"2026-01-14 01:58:22","2026-01-12 02:59:40"
"lt","랭 트윈스",21,"2026-01-14 01:58:23","2026-01-12 03:05:39"
"fp","페스 파커",21,"2026-01-14 01:58:23","2026-01-12 03:05:38"
"bs","비온디 산티",21,"2026-01-14 01:58:23","2026-01-12 03:02:59"
"cd","꿀리 뒤떼이",21,"2026-01-14 01:58:22","2026-01-12 03:00:42"
"cdlg","2017074",20,"2026-01-14 01:58:22","2026-01-14 01:57:57"
"s","00MV002",20,"2026-01-14 01:58:23","2026-01-14 01:57:56"
"dgyed","2019042",20,"2026-01-14 01:58:22","2026-01-14 01:57:56"
"ar","알마 로사",19,"2026-01-14 01:58:23","2026-01-12 03:05:39"
"ca","카시나",19,"2026-01-14 01:58:23","2026-01-12 03:02:01"
"cg","3019443",18,"2026-01-14 01:58:22","2026-01-14 01:57:56"
"sv","스몰 바인즈",17,"2026-01-14 01:58:23","2026-01-12 03:06:44"
"cw","3420501",16,"2026-01-14 01:58:23","2026-01-14 01:57:59"
"e","2622030",16,"2026-01-14 01:58:23","2026-01-14 01:57:59"
"td","2120019",16,"2026-01-14 01:58:23","2026-01-14 01:57:57"
"lp","00MV010",16,"2026-01-14 01:58:23","2026-01-14 01:57:56"
"dl","2013046",16,"2026-01-14 01:58:22","2026-01-14 01:57:56"
"dr","3022404",16,"2026-01-14 01:58:22","2026-01-14 01:57:56"
"ㄱㄸㅌㄴㅊㄴㅋㅊ","ACXX036",14,"2026-01-14 01:58:23","2026-01-14 01:57:58"
"pf","피터 프레너스",13,"2026-01-14 01:58:23","2026-01-12 03:08:11"
"ga","라 가르딘",13,"2026-01-14 01:58:23","2026-01-12 03:00:42"
"lm","루이 미셸",13,"2026-01-14 01:58:22","2026-01-12 02:59:40"
"lmef","3022406",12,"2026-01-14 01:58:22","2026-01-14 01:57:57"
"ld","2023077",12,"2026-01-14 01:58:22","2026-01-14 01:57:57"
"cv","2020017",12,"2026-01-14 01:58:23","2026-01-14 01:57:56"
"md","마스 데 앙페미에르",11,"2026-01-14 01:58:22","2026-01-12 03:00:42"
"h","2415802",10,"2026-01-14 01:58:23","2026-01-14 01:57:59"
"mdi","3023040",10,"2026-01-14 01:58:22","2026-01-14 01:57:57"
"cdv","2120404",10,"2026-01-14 01:58:23","2026-01-14 01:57:57"
"l","0016009",10,"2026-01-14 01:58:22","2026-01-14 01:57:56"
"cm","2019416",10,"2026-01-14 01:58:22","2026-01-14 01:57:56"
"pr","프리스트",9,"2026-01-14 01:58:23","2026-01-12 03:08:12"
"ls","시스토",9,"2026-01-14 01:58:23","2026-01-12 03:04:18"
"ce","2D21401",8,"2026-01-14 01:58:23","2026-01-14 01:57:59"
"bc","AC07402",8,"2026-01-14 01:58:23","2026-01-14 01:57:58"
"lsx","2C19004",8,"2026-01-14 01:58:23","2026-01-14 01:57:58"
"dc","2022079",8,"2026-01-14 01:58:22","2026-01-14 01:57:57"
"dcdlc","2022079",8,"2026-01-14 01:58:22","2026-01-14 01:57:57"
"ab","2117823",8,"2026-01-14 01:58:23","2026-01-14 01:57:57"
"mm","2918807",8,"2026-01-14 01:58:23","2026-01-14 01:57:57"
"ㄹㅆㄸㅂㄹㄸㅂㄹㄸㅅㄹㄸㅂㄱㄸㅉㄸ","3015440",8,"2026-01-14 01:58:22","2026-01-14 01:57:56"
"ss","실버스퍼",7,"2026-01-14 01:58:23","2026-01-12 03:09:00"
"gf","갬블",7,"2026-01-14 01:58:23","2026-01-12 03:08:11"
"cr","크루 와이너리",7,"2026-01-14 01:58:22","2026-01-12 03:06:44"
"fl","포그 라잇",7,"2026-01-14 01:58:23","2026-01-12 03:05:39"
"gfv","2418431",6,"2026-01-14 01:58:23","2026-01-14 01:57:59"
"en","2623802",6,"2026-01-14 01:58:23","2026-01-14 01:57:59"
"sf","2C18003",6,"2026-01-14 01:58:23","2026-01-14 01:57:58"
"sfe","2C18003",6,"2026-01-14 01:58:23","2026-01-14 01:57:58"
"f&l","2420607",6,"2026-01-14 01:58:23","2026-01-14 01:57:58"
"bg","2021082",6,"2026-01-14 01:58:22","2026-01-14 01:57:57"
"gs","AC74001",6,"2026-01-14 01:58:23","2026-01-14 01:57:57"
"ㄱㄸㅌㄹㅊㅆㅋㅊ","AC20001",6,"2026-01-14 01:58:23","2026-01-14 01:57:57"
"ㅈㅂㅌㅅㅆㄹㄸㄸㅆㄹ","00NV801",6,"2026-01-14 01:58:22","2026-01-14 01:57:56"
"lb","램본",5,"2026-01-14 01:58:22","2026-01-12 03:08:59"
"rl","렐릭",5,"2026-01-14 01:58:23","2026-01-12 03:08:11"
"rt","리아타",5,"2026-01-14 01:58:23","2026-01-12 03:06:44"
"ig","이 그레피",5,"2026-01-14 01:58:23","2026-01-12 03:02:59"
"pe","펠라사",5,"2026-01-14 01:58:23","2026-01-12 03:02:01"
"as","안셀미",5,"2026-01-14 01:58:23","2026-01-12 03:02:01"
"cc","클로 드 라 샤펠",5,"2026-01-14 01:58:23","2026-01-12 02:59:39"
"cp","크리스토프 피뚜아",5,"2026-01-14 01:58:22","2026-01-12 02:55:25"
"go","2418030",4,"2026-01-14 01:58:23","2026-01-14 01:57:59"
"g","2418030",4,"2026-01-14 01:58:23","2026-01-14 01:57:59"
"mb","3419018",4,"2026-01-14 01:58:23","2026-01-14 01:57:59"
"lf","2417528",4,"2026-01-14 01:58:23","2026-01-14 01:57:59"
"lfv","2417528",4,"2026-01-14 01:58:23","2026-01-14 01:57:59"
"hh","2419825",4,"2026-01-14 01:58:23","2026-01-14 01:57:59"
"hc","3418802",4,"2026-01-14 01:58:23","2026-01-14 01:57:59"
"cn","2D23002",4,"2026-01-14 01:58:23","2026-01-14 01:57:59"
"ㄸㅅㅉㅈㄸㅂㄸㅊㅋㄴㄴㅅ","2A21001",4,"2026-01-14 01:58:23","2026-01-14 01:57:59"
"gn","ACXX026",4,"2026-01-14 01:58:23","2026-01-14 01:57:58"
"gb","ACXX028",4,"2026-01-14 01:58:23","2026-01-14 01:57:58"
"ㄱㄸㅌㄹㄸㄴㄴㄹ","ACXX028",4,"2026-01-14 01:58:23","2026-01-14 01:57:58"
"ㅋㅂㅋㅉㅂㄸㄴㄴㅂㅊㄹㄹㄸㅉㅅㅊ","3422002",4,"2026-01-14 01:58:23","2026-01-14 01:57:58"
"ㅋㅃㄴㅅㅂㅊㅅㅊㅋㄴㄴㅅ","2419526",4,"2026-01-14 01:58:23","2026-01-14 01:57:58"
"dam","3018044",4,"2026-01-14 01:58:22","2026-01-14 01:57:57"
"ㄴㅋㄲㄷㄴㄸㄸㅆㄹㄸㅆ","2023077",4,"2026-01-14 01:58:22","2026-01-14 01:57:57"
"cf","0021009",4,"2026-01-14 01:58:22","2026-01-14 01:57:57"
"aa","3121002",4,"2026-01-14 01:58:23","2026-01-14 01:57:57"
"ㄹㅅㄴㅂㅊㄸㅆㄸㄹㅉㄸㅂ","21NV402",4,"2026-01-14 01:58:23","2026-01-14 01:57:57"
"ㄹㅅㄴㅂㅊㄹㄸㄴㄸㄴㄹㅊㅈㄴㄸㅆㄸㄹ","2199424",4,"2026-01-14 01:58:23","2026-01-14 01:57:57"
"ag","61XX401",4,"2026-01-14 01:58:23","2026-01-14 01:57:57"
"gg","2120501",4,"2026-01-14 01:58:23","2026-01-14 01:57:57"
"jc","1916401",4,"2026-01-14 01:58:23","2026-01-14 01:57:57"
"jyc","1916401",4,"2026-01-14 01:58:23","2026-01-14 01:57:57"
"sc","3919802",4,"2026-01-14 01:58:23","2026-01-14 01:57:57"
"ㄱㄸㅌㅂㄱㅌㄹㅂㅊㅊㄴㅋㅊ","AC74001",4,"2026-01-14 01:58:23","2026-01-14 01:57:57"
"gt","AC21402",4,"2026-01-14 01:58:23","2026-01-14 01:57:57"
"g2","AC20001",4,"2026-01-14 01:58:23","2026-01-14 01:57:57"
"ㄸㅋㄴㅉㄸㅂㅉㄹ","1H19001",4,"2026-01-14 01:58:22","2026-01-14 01:57:56"
"ㄸㅋㄴㄹㄸㄴㄴㅅ","1H19003",4,"2026-01-14 01:58:22","2026-01-14 01:57:56"
"ㅈㅂㅌㅅㅆㄹㄸㄴㄹㄸㄹㄸ","00NV005",4,"2026-01-14 01:58:22","2026-01-14 01:57:56"
"sr","00MV002",4,"2026-01-14 01:58:22","2026-01-14 01:57:56"
"sb","00MV004",4,"2026-01-14 01:58:23","2026-01-14 01:57:56"
"ㄹㅆㄸㄸㅅㄹㄸㅂㄸㅋㄸㅅㄸ","3003021",4,"2026-01-14 01:58:22","2026-01-14 01:57:56"
"st","센티르",3,"2026-01-14 01:58:23","2026-01-12 03:04:17"
"da","도브네",3,"2026-01-14 01:58:22","2026-01-12 02:57:38"
"ㄸㄴㅉㄹㅌㅊㄸㅆㅉㄹㄸㄴㅂㄹㄴ","2418423",2,"2026-01-14 01:58:23","2026-01-14 01:57:59"
"ㄸㄴㅉㅅㅂㅊㅅㅊㅋㄴㄴㅅ","2419422",2,"2026-01-14 01:58:23","2026-01-14 01:57:59"
"ㄸㄴㅉㅅㅂㅊㅅㅊㅂㄴㄴㅅ","3419402",2,"2026-01-14 01:58:23","2026-01-14 01:57:59"
"ㄸㄴㅉㄹㅌㅊㄸㅆㅂㄴㄴㅅ","3419403",2,"2026-01-14 01:58:23","2026-01-14 01:57:59"
"ㄸㄴㅉㅂㄴㄹㅉㅂㅊㅂㄴㄴㅅ","3419404",2,"2026-01-14 01:58:23","2026-01-14 01:57:59"
"ㄸㅅㅊㅂㄴㄹㅉㅂㅊㅂㄴㄴㅅ","3422004",2,"2026-01-14 01:58:23","2026-01-14 01:57:59"
"tc","2421023",2,"2026-01-14 01:58:23","2026-01-14 01:57:59"
"ㄸㅅㅊㅃㄸㅉㅅㅊㅋㄴㄴㅅ","2421023",2,"2026-01-14 01:58:23","2026-01-14 01:57:59"
"ㅂㄹㄹㅅㅆㄹㅅㄴㅂㄴㄹㅉㅂㅊㅋㄴㄴㅅ","2420031",2,"2026-01-14 01:58:23","2026-01-14 01:57:59"
"ㅂㄹㄹㅅㅆㄹㅅㄴㅂㄴㄹㅉㅂㅊㅂㄴㄴㅅ","3420013",2,"2026-01-14 01:58:23","2026-01-14 01:57:59"
"ㅂㄹㄹㅅㅆㅂㄴㄹㅉㅂㅊㅂㄴㄴㅅ","3420012",2,"2026-01-14 01:58:23","2026-01-14 01:57:59"
"ㅂㄹㄹㅅㅆㅂㄴㄹㅉㅂㅊㅋㄴㄴㅅ","2420030",2,"2026-01-14 01:58:23","2026-01-14 01:57:59"
"ㅉㄸㅅㅅㄴㄸㅂㄸㄴㄴㅂㅊㄸㅈㅅㅌㅅㄸㅆㄹㅊㄸㅅ","3420501",2,"2026-01-14 01:58:23","2026-01-14 01:57:59"
"ㅉㄸㅅㅅㄴㄸㅋㄴㄴㅅㅂㅊㄸㅈㅅㅌㅅㄸㅆㄹㅊㄸㅅ","2421505",2,"2026-01-14 01:58:23","2026-01-14 01:57:59"
"ㅉㄸㅅㅅㄴㄸㅅㅅㅉㄴㅂㄸㄴㄴㅅㄸㅅㅂㅉㄹㅊㄸㅅ","3421503",2,"2026-01-14 01:58:23","2026-01-14 01:57:59"
"ㅉㄸㅅㅅㄴㄸㅋㄴㄴㅅㄹㅊㄸㅅ","2418531",2,"2026-01-14 01:58:23","2026-01-14 01:57:59"
"ra","2418523",2,"2026-01-14 01:58:23","2026-01-14 01:57:59"
"ㄸㄸㅅㅊㅋㅊㅉㄹㄸㄴㅂㄹㄴㄴㅋㄹㄸ","2418523",2,"2026-01-14 01:58:23","2026-01-14 01:57:59"
"rr","2419022",2,"2026-01-14 01:58:23","2026-01-14 01:57:59"
"ㄸㄸㄸㅈㅅㄸㄴㅅㅅㄴㅋㄹㄸ","2419022",2,"2026-01-14 01:58:23","2026-01-14 01:57:59"
"ㄸㄸㄴㅂㅅㅆㅂㄸㄴㄴㅂㄴㄹㅉㅂㅊ","3418502",2,"2026-01-14 01:58:23","2026-01-14 01:57:59"
"rs","3418503",2,"2026-01-14 01:58:23","2026-01-14 01:57:59"
"ㄸㄸㅂㅋㄹㅂㄸㄴㄴㅂㄴㄹㅉㅂㅊ","3418503",2,"2026-01-14 01:58:23","2026-01-14 01:57:59"
"ㅋㅊㅋㄸㄴㅂㄹㄸㄴㄸㄹㅅㄴㅉㄹㄸㄴㅂㄹㄴ","2419524",2,"2026-01-14 01:58:23","2026-01-14 01:57:59"
"ㅋㅊㅋㄸㄴㅂㄹㄸㄸ","2419525",2,"2026-01-14 01:58:23","2026-01-14 01:57:59"
"ㅋㅊㅋㄸㄴㅂㄹㄸㄴㄸㄹㅅㄴㅆㅋㄴ","2418530",2,"2026-01-14 01:58:23","2026-01-14 01:57:59"
"ㄱㄸㅉㅅㅉㄹㅉㄹㄸㄴㅂㄹㄴ","2418030",2,"2026-01-14 01:58:23","2026-01-14 01:57:59"
"ㄱㄸㅉㅅㅉㄹㅉㄹㄸㄴㅋㄸ","2415030",2,"2026-01-14 01:58:23","2026-01-14 01:57:59"
"ㄱㄹㅋㄹㄸㄹㅅㄴㄴㅋㄹㄸㅉㄹㄸㄴㅂㄹㄴ","2418431",2,"2026-01-14 01:58:23","2026-01-14 01:57:59"
"ㄱㄹㅋㄹㄸㄹㅅㄴㄴㅋㄹㄸㅂㄹㄴㄹㄸ","3422401",2,"2026-01-14 01:58:23","2026-01-14 01:57:59"
"ㄱㄹㄴㅋㄹㄸㄸㅆ","4421501",2,"2026-01-14 01:58:23","2026-01-14 01:57:59"
"ㄹㅊㄹㄸㄴㅅㅊㄹㅂㄹㄴㄹㄸ","3419018",2,"2026-01-14 01:58:23","2026-01-14 01:57:59"
"ㅅㄴㄴㅂㅊㅅㅆㅉㅈㄹㅅㄴㅅㅊㄸㅂㅋㅉㅉㄹㄸㄴㅂㄹㄴ","2418031",2,"2026-01-14 01:58:23","2026-01-14 01:57:59"
"ㅋㄸㅂㅊㄸㅈㅉㅈㄱ","2416003",2,"2026-01-14 01:58:23","2026-01-14 01:57:59"
"ㅋㄸㅂㅊㄸㅈㅉㄹㄸㄴㅂㄹㄴ","2422404",2,"2026-01-14 01:58:23","2026-01-14 01:57:59"
"ㄸㄹㅋㄹㄸㄹㅅㄴㄲㄹㄸㄴㅂㄹㄴ","2417528",2,"2026-01-14 01:58:23","2026-01-14 01:57:59"
"ㄸㄹㅋㄹㄸㄹㅅㄴㅆㅋㄴ","2418129",2,"2026-01-14 01:58:23","2026-01-14 01:57:59"
"ㅂㄹㅂㅋㄴㅋㄹㄸㅉㄹㄸㄴㅂㄹㄴ","2419023",2,"2026-01-14 01:58:23","2026-01-14 01:57:59"
"ho","2415802",2,"2026-01-14 01:58:23","2026-01-14 01:57:59"
"ㅌㅂㅅㅉㄹㄲㄹㄸㄴㅂㄹㄴ","2415802",2,"2026-01-14 01:58:23","2026-01-14 01:57:59"
"ㅌㅋㅂㅌㅋㄸㄴㅋㄹㄸㄲㄹㄸㄴㅂㄹㄴ","2419825",2,"2026-01-14 01:58:23","2026-01-14 01:57:59"
"ㅌㅂㅂㄴㄴㅅㅆㄴㅂㄹㅅㄴ","3418802",2,"2026-01-14 01:58:23","2026-01-14 01:57:59"
"ㅌㅋㅂㅌㅋㄸㄴㅋㄹㄸㅂㄴㄴㅅ","3420014",2,"2026-01-14 01:58:23","2026-01-14 01:57:59"
"ㅌㅋㄸㅉㄸㅋㄴㅅㅉㄹㄸㄴㅂㄹㄴ","2421801",2,"2026-01-14 01:58:23","2026-01-14 01:57:59"
"ec","2622030",2,"2026-01-14 01:58:23","2026-01-14 01:57:59"
"ㅅㄹㄸㅅㄴㅉㅅ","2622030",2,"2026-01-14 01:58:23","2026-01-14 01:57:59"
"es","2619504",2,"2026-01-14 01:58:23","2026-01-14 01:57:59"
"ㅅㄹㄸㅅㄴㅅㅂㄴㅅㅂㄸ","2619504",2,"2026-01-14 01:58:23","2026-01-14 01:57:59"
"ㅅㄹㄸㅅㄴㄴㄹㅂㄲㄹㄸㄴㅂㄹㄴ","2623802",2,"2026-01-14 01:58:23","2026-01-14 01:57:59"
"ㅅㄹㄸㅅㄴㄴㄷㄸㄲㄹㄸㄴㅂㄹㄴ","2621409",2,"2026-01-14 01:58:23","2026-01-14 01:57:59"
"ㅅㄹㄸㅅㄴㄴㄷㄸㅂㄴㄴ","2622408",2,"2026-01-14 01:58:23","2026-01-14 01:57:59"
"ee","2619418",2,"2026-01-14 01:58:23","2026-01-14 01:57:59"
"ㅅㄹㄸㅅㄴㅅㅊㄴㅉ","2619418",2,"2026-01-14 01:58:23","2026-01-14 01:57:59"
"ea","4621401",2,"2026-01-14 01:58:23","2026-01-14 01:57:59"
"ㅅㄹㄸㅅㄴㅅㄴㄹㄸㅆ","4621401",2,"2026-01-14 01:58:23","2026-01-14 01:57:59"
"et","4620001",2,"2026-01-14 01:58:23","2026-01-14 01:57:59"
"ㅅㄹㄸㅅㄴㅊㅅㅂㄸㅆ","4620001",2,"2026-01-14 01:58:23","2026-01-14 01:57:59"
"ㅈㅉㄴㅅㅅㄴㄹㄹ","2D20005",2,"2026-01-14 01:58:23","2026-01-14 01:57:59"
"ㅈㅉㄴㅅㅅㄴㅂㄸㄴㄴ","3D21001",2,"2026-01-14 01:58:23","2026-01-14 01:57:59"
"ㅈㅉㄴㅅㅂㅊㅅㅊㅂㄸㅂㄹㄹ","2D21401",2,"2026-01-14 01:58:23","2026-01-14 01:57:59"
"ㅈㅉㄴㅅㅂㅊㅅㅊㅂㄸㅂㄲㄹㄸㄴㅂㄹㄴ","2D21001",2,"2026-01-14 01:58:23","2026-01-14 01:57:59"
"ㅈㅉㄴㅅㅂㅊㅅㅊㅊㄸㅊㅂㅋㄸㄸㄱㄴ","4B23401",2,"2026-01-14 01:58:23","2026-01-14 01:57:59"
"ㅈㅉㄴㅅㅂㅊㅅㅊㅂㄸㅂㅊㄸㅊㅂ","3B21001",2,"2026-01-14 01:58:23","2026-01-14 01:57:59"
"ㅈㅉㄴㄴㄴㅅㅂㅊㅅㅊㄹㄹ","2D23002",2,"2026-01-14 01:58:23","2026-01-14 01:57:59"
"ㅈㅉㄴㄴㄴㅅㅂㅊㅅㅊㄸㅆ","4D21001",2,"2026-01-14 01:58:23","2026-01-14 01:57:59"
"ㅈㅉㄴㅅㅊㄸㅊㄹㄹ","2B23002",2,"2026-01-14 01:58:23","2026-01-14 01:57:59"
"ㄸㄹㅊㅅㅊㄸㅋㄴㅊㄲㄹㄸㄴㅂㄹㄴ","2716806",2,"2026-01-14 01:58:23","2026-01-14 01:57:59"
"ㄸㄹㅊㅅㅊㄸㅋㄴㅊㅂㄴㄴ","3719701",2,"2026-01-14 01:58:23","2026-01-14 01:57:59"
"ㄸㄹㅊㅅㅊㄸㅋㄴㅂㅊㄸㅉㄹㄸㄴㅂㄹㄴ","2718401",2,"2026-01-14 01:58:23","2026-01-14 01:57:59"
"ㄸㄹㅊㅅㅊㄸㅋㄴㅂㅊㄸㅂㄸㅆ","2718601",2,"2026-01-14 01:58:23","2026-01-14 01:57:59"
"ㄸㄹㅊㅅㅊㄸㅋㄴㅂㅊㄸㅂㄸㄴㄴ","3722001",2,"2026-01-14 01:58:23","2026-01-14 01:57:59"
"ㄸㄹㅊㅅㅊㄸㅋㅅㅌㄴㅂㄸㅆ","2723709",2,"2026-01-14 01:58:23","2026-01-14 01:57:59"
"ㄸㄹㅊㅅㅊㄸㅂㄱㄴㅈㅂㄸㅆㄲㄹㄸㄴㅂㄹㄴ","2720809",2,"2026-01-14 01:58:23","2026-01-14 01:57:59"
"ㄸㄹㅊㅅㅊㄸㅂㄱㄴㅈㅂㄸㅆㅂㄴㄴㅅ","3723805",2,"2026-01-14 01:58:23","2026-01-14 01:57:59"
"ㄸㄹㅊㅅㅊㄸㅂㄱㄴㅈㅂㄸㅆㅂㄹㄴㄹㄸ","3721801",2,"2026-01-14 01:58:23","2026-01-14 01:57:59"
"ㄸㄹㅊㅅㅊㄸㅂㄱㄴㅈㅂㄸㅆㅂㄸㅆ","2724810",2,"2026-01-14 01:58:23","2026-01-14 01:57:59"
"ㄸㄹㅊㅅㅊㄸㅋㅉㅅㅈㅂㄴㄴ","3722801",2,"2026-01-14 01:58:23","2026-01-14 01:57:59"
"ㄸㄹㅊㅅㅊㄸㅋㅉㅅㅈㄲㄹㄸㄴㅂㄹㄴ","2721806",2,"2026-01-14 01:58:23","2026-01-14 01:57:59"
"ㄸㄹㅊㅅㅊㄸㅋㅉㅅㅈㅂㄸㅆ","2722801",2,"2026-01-14 01:58:23","2026-01-14 01:57:59"
"ㄸㄹㅊㅅㅊㄸㄹㅈㅌㅂㄴㄴㅅ","3719802",2,"2026-01-14 01:58:23","2026-01-14 01:57:59"
"ㄸㄹㅊㅅㅊㄸㄹㅈㅌㅂㄸㅆ","2720708",2,"2026-01-14 01:58:23","2026-01-14 01:57:59"
"ㄸㄹㅊㅅㅊㄸㄹㅈㅌㅋㅉㄹㅂㅉㅊ","4720801",2,"2026-01-14 01:58:23","2026-01-14 01:57:59"
"ㄸㅅㅉㅈㄸㅂㄸㅊㅂㄹㄴㄹㄸ","3A24003",2,"2026-01-14 01:58:23","2026-01-14 01:57:59"
"ㄸㅅㅉㅈㄸㅂㅋㅉㅂㄹㄴㄹㄸ","3A24001",2,"2026-01-14 01:58:23","2026-01-14 01:57:59"
"ㄸㅅㅉㅈㄸㅂㄴㅂㅊㅂㄹㄴㄹㄸ","3A24403",2,"2026-01-14 01:58:23","2026-01-14 01:57:59"
"me","3A24401",2,"2026-01-14 01:58:23","2026-01-14 01:57:59"
"ㄹㄹㄸㅅㅂㅊㅅㅊㄸㅆㄹㅂㄹㄴㄹㄸ","3A24401",2,"2026-01-14 01:58:23","2026-01-14 01:57:59"
"ㄱㄸㅌㅂㅂㄱㄸㅅㅋ","ACXX027",2,"2026-01-14 01:58:23","2026-01-14 01:57:58"
"ㄱㄸㅌㄴㄷㄸㄸㅆㄹ","ACXX026",2,"2026-01-14 01:58:23","2026-01-14 01:57:58"
"gl","AC19101",2,"2026-01-14 01:58:23","2026-01-14 01:57:58"
"ㄱㄸㅌㅋㅊ","AC19101",2,"2026-01-14 01:58:23","2026-01-14 01:57:58"
"ㄱㄸㅌㅋㅅㄸㄹㅋㅊ","ACXX001",2,"2026-01-14 01:58:23","2026-01-14 01:57:58"
"ge","ACXX014",2,"2026-01-14 01:58:23","2026-01-14 01:57:58"
"ㄱㄸㅌㅅㅂㅊㄸㄴㄸㅅㅌㅅㅊㅋㅊ","ACXX014",2,"2026-01-14 01:58:23","2026-01-14 01:57:58"
"ㅂㄹㅊㅋㄹㄸㅅㅂㅊㅅㅊㅅㅊㄴㄸㅆㄸㄹ","2C18003",2,"2026-01-14 01:58:23","2026-01-14 01:57:58"
"ㅂㄹㅊㅋㄹㄸㅅㅂㅊㅅㅊㅅㅊㄴㅌㅅㅊㄸㅆㄸㄹ","3C17001",2,"2026-01-14 01:58:23","2026-01-14 01:57:58"
"ㅂㄹㅊㅋㄹㄸㅅㅂㅊㅅㅊㅅㅊㄴ","2C19002",2,"2026-01-14 01:58:23","2026-01-14 01:57:58"
"ㅉㅌㅅㅊㄹㅆ","AC07402",2,"2026-01-14 01:58:23","2026-01-14 01:57:58"
"ㅉㅌㅅㅊㄹㅅ","AC08003",2,"2026-01-14 01:58:23","2026-01-14 01:57:58"
"ㅉㅌㅅㅊㄹㄸㄴㅌ","AC09002",2,"2026-01-14 01:58:23","2026-01-14 01:57:58"
"ㅉㅌㅅㅊㅂㄸㅂㅅ","AC09003",2,"2026-01-14 01:58:23","2026-01-14 01:57:58"
"ㄹㄸㄴㅂㄹㄴㅅㄸㅂㄱㅌㄹㅂㅊㄹㅆ","AC16022",2,"2026-01-14 01:58:23","2026-01-14 01:57:58"
"ㄹㄸㄴㅂㄹㄴㅅㄸㅂㄸㅂㅅㄴ","ACXX802",2,"2026-01-14 01:58:23","2026-01-14 01:57:58"
"ㄹㄸㄴㅂㄹㄴㅅㄸㄴㄸㅆㄸㄹ","ACXX021",2,"2026-01-14 01:58:23","2026-01-14 01:57:58"
"ㄹㄸㄴㅂㄹㄴㅅㄸㄴㅉㅅㄹㅉㄸㄸㅂㄴ","ACXX801",2,"2026-01-14 01:58:23","2026-01-14 01:57:58"
"ㄹㄸㄴㅂㄹㄴㅅㄸㄸㅅㅅㅊ","ACXX803",2,"2026-01-14 01:58:23","2026-01-14 01:57:58"
"ㅂㅂㅊㅉㄸㅊㅊ","2C19004",2,"2026-01-14 01:58:23","2026-01-14 01:57:58"
"ㅂㅂㅊㅉㄸㄹㄸㅉ","3C21002",2,"2026-01-14 01:58:23","2026-01-14 01:57:58"
"ㅂㅂㅊㅅㄸㄹㅊㄴㄹㄸㅉ","3C21001",2,"2026-01-14 01:58:23","2026-01-14 01:57:58"
"ㅂㅂㅊㅅㄸㄹㅊㄴㅊㅊ","2C19003",2,"2026-01-14 01:58:23","2026-01-14 01:57:58"
"ㅋㅂㅋㅉㅅㅂㄸㅂㅋㄴㄴㅅㅂㅊㄸㅊㅌㅂ","2420020",2,"2026-01-14 01:58:23","2026-01-14 01:57:58"
"ㅋㅂㅋㅉㅅㅂㄸㅂㅂㄸㄴㄴㅂㅊㄸㅊㅌㅂ","3419019",2,"2026-01-14 01:58:23","2026-01-14 01:57:58"
"ㅋㅂㅋㅉㅋㄴㄴㅅㅂㅊㄸㅊㅌㅂ","2421004",2,"2026-01-14 01:58:23","2026-01-14 01:57:58"
"ㅅㄹㄸㅂㅅㅆㄹㄸㅂㄴㄴㅅ","3421003",2,"2026-01-14 01:58:23","2026-01-14 01:57:58"
"ㅅㄹㄸㅂㅂㅊㄸㅊㅌㅂㅋㄴㄴㅅ","2420005",2,"2026-01-14 01:58:23","2026-01-14 01:57:58"
"ㅅㄹㄸㅂㅂㅊㄸㅊㅌㅂㅂㄴㄴㅅ","3422003",2,"2026-01-14 01:58:23","2026-01-14 01:57:58"
"ㄸㅊㅅㅂㄹㄴㄴㅅㄸㅆㄹ","2418504",2,"2026-01-14 01:58:23","2026-01-14 01:57:58"
"ㄸㅊㅅㅂㅃㅊㅅㅅㅉㄹㄸㄴㅂㄹㄴ","2419502",2,"2026-01-14 01:58:23","2026-01-14 01:57:58"
"ㄸㅊㅅㅂㅅㅌㄴㄸㄴㄹㅅㄴㅁㄷㅂㄸ","2419503",2,"2026-01-14 01:58:23","2026-01-14 01:57:58"
"ㄸㅊㅅㅂㄹㄸㄹㅅㄴㅂㄴㄴㅅ","3421602",2,"2026-01-14 01:58:23","2026-01-14 01:57:58"
"ㄸㅊㅅㅂㄸㄹㄸㅈㄹㅅㄴㅅㄸㅅㄴㅉㄸㅆ","4422601",2,"2026-01-14 01:58:23","2026-01-14 01:57:58"
"ㅋㄱㄸㅅㅋㅂㄸㄹㄸㅂㅉㄹㄸㄴㅂㄹㄴㄹㅊㅆㄸㅆㄹ","2420607",2,"2026-01-14 01:58:23","2026-01-14 01:57:58"
"ㅋㄱㄸㅅㄹㅊㄸㅅㅉㄹㄸㄴㅂㄹㄴㄹㅊㅆㄸㅆㄹ","2420606",2,"2026-01-14 01:58:23","2026-01-14 01:57:58"
"ㅋㄱㄸㅅㅋㄴㄴㅅㄹㅊㅆㄸㅆㄹ","2421605",2,"2026-01-14 01:58:23","2026-01-14 01:57:58"
"ㄸㅃㅅㄹㅅㅋㅃㄴㄱㄸㅂㄹㅅㄴㅋㄴㄴㅅ","2421502",2,"2026-01-14 01:58:23","2026-01-14 01:57:58"
"ㄸㅃㅅㄹㅅㅂㄹㄸㄴㅂㄹㅅㄴㅋㄴㄴㅅ","2421503",2,"2026-01-14 01:58:23","2026-01-14 01:57:58"
"ㄸㅃㅅㄹㅅㅂㄹㄸㄴㅂㄹㅅㄴㅂㄴㄴㅅ","3421502",2,"2026-01-14 01:58:23","2026-01-14 01:57:58"
"ㄸㅃㅅㄹㅅㅋㅃㄴㅅㅂㅊㅅㅊㅉㄹㅋㄴㄴㅅ","2421501",2,"2026-01-14 01:58:23","2026-01-14 01:57:58"
"ㄸㅃㅅㄹㅅㅋㅃㄴㅅㅂㅊㅅㅊㅉㄹㅂㄴㄴㅅ","3421501",2,"2026-01-14 01:58:23","2026-01-14 01:57:58"
"ㄸㅃㄹㅅㅋㅃㄴㅋㅉㄹㄸㅉ","3422502",2,"2026-01-14 01:58:23","2026-01-14 01:57:58"
"ㄸㅃㄹㅅㅋㅃㄴㄸㅆㅅㄹㅋㄴㄴㅅ","4422501",2,"2026-01-14 01:58:23","2026-01-14 01:57:58"
"ㄸㅆㄸㅊㅂㅋㄸ","2423018",2,"2026-01-14 01:58:23","2026-01-14 01:57:58"
"ㄸㅆㄸㅊㅅㅂㅊㅅㅊㅁㄷㅂㄸ","2422401",2,"2026-01-14 01:58:23","2026-01-14 01:57:58"
"rp","2423003",2,"2026-01-14 01:58:23","2026-01-14 01:57:58"
"ㄸㅆㅋㄱㄴㄸㅈㅆㅋㄴ","2423003",2,"2026-01-14 01:58:23","2026-01-14 01:57:58"
"ㄸㅆㅃㄸㄹㄸㅂㅂㄴㄹㅉㅅㅊ","2422001",2,"2026-01-14 01:58:23","2026-01-14 01:57:58"
"dv","2019044",2,"2026-01-14 01:58:22","2026-01-14 01:57:57"
"ㄴㄹㄹㅉㄸㅆㅋㅂㄹㅅㅅㄹㄴ","2019044",2,"2026-01-14 01:58:22","2026-01-14 01:57:57"
"dvc","2019044",2,"2026-01-14 01:58:22","2026-01-14 01:57:57"
"ㄴㄹㅉㄸㄴㄸㅂㅋㄹㄴㅉㄸㄴㄸㅂㅋㄹㄴㅋ","2022079",2,"2026-01-14 01:58:22","2026-01-14 01:57:57"
"ㄴㄹㅉㄸㄴㄸㅂㅋㄹㄴㅊㅅㅅㅋㅅㄹㅅㅅㄹㄴ","2021099",2,"2026-01-14 01:58:22","2026-01-14 01:57:57"
"ㄴㄹㅉㄸㄴㄸㅂㅋㅋㄹㄸㄸㅂㄸㄹㅅㅅㄹㄴ","2020067",2,"2026-01-14 01:58:22","2026-01-14 01:57:57"
"ㄴㄹㅉㄸㄴㄸㅂㅋㄹㅂㅋㄹ","2021066",2,"2026-01-14 01:58:22","2026-01-14 01:57:57"
"ㄸㅅㄹㅂㅅㅋㅂㄹㄸㄱㄸㅉㄸㄱㄸㄴㅅ","3022406",2,"2026-01-14 01:58:22","2026-01-14 01:57:57"
"ㄸㅅㄹㅂㅅㅋㅂㄹㄸㄱㄸㅉㄸㄹㄴㅆㄸ","3022408",2,"2026-01-14 01:58:22","2026-01-14 01:57:57"
"ㄸㅅㄹㅂㅅㅋㅂㄹㄸㄱㄸㅉㄸㄸㄲㄸ","3022407",2,"2026-01-14 01:58:22","2026-01-14 01:57:57"
"ㄸㅅㄹㅂㅅㅋㅂㄹㄸㄹㅊ","3022043",2,"2026-01-14 01:58:22","2026-01-14 01:57:57"
"ㄸㅅㄹㅂㅅㅋㅂㄹㄸㄹㅊㄴㅊㄴㅌ","3022042",2,"2026-01-14 01:58:22","2026-01-14 01:57:57"
"ㄸㅅㄹㅂㅅㅋㅂㄹㄸ","3023039",2,"2026-01-14 01:58:22","2026-01-14 01:57:57"
"ㅉㄸㄹㄸㄹㄸㅂㄹㄸㅉㅊㄴㅆㅅ","3022705",2,"2026-01-14 01:58:22","2026-01-14 01:57:57"
"ㅉㄸㄹㄸㄹㄸㅂㄹㄸㄴ","3020050",2,"2026-01-14 01:58:22","2026-01-14 01:57:57"
"ㅉㄸㄹㄸㄹㄸㅂㄹㄸㄸㅆㄴㄸ","3022704",2,"2026-01-14 01:58:22","2026-01-14 01:57:57"
"ㅂㄹㄸㅂㅊㄹㅌㄸ","3021065",2,"2026-01-14 01:58:22","2026-01-14 01:57:57"
"ㅉㄸㄹㄸㄹㄸㅂㄹㄸ","3021049",2,"2026-01-14 01:58:22","2026-01-14 01:57:57"
"dj","3022044",2,"2026-01-14 01:58:22","2026-01-14 01:57:57"
"ㄴㄹㅆㅋㅋㅉㄸㅂㅂㄸㄹㄸㄸㅂㄹㄴㄹㄸ","3022044",2,"2026-01-14 01:58:22","2026-01-14 01:57:57"
"djp","3022044",2,"2026-01-14 01:58:22","2026-01-14 01:57:57"
"dm","3018044",2,"2026-01-14 01:58:22","2026-01-14 01:57:57"
"ㄴㅋㄱㄹㄸㅈㅊㄸㄹㄴㄱㄸㅉㄸㄹㄸ","3018044",2,"2026-01-14 01:58:22","2026-01-14 01:57:57"
"ㄴㅋㅅㅆㅂㅋㄴㄴㅅ","2021401",2,"2026-01-14 01:58:22","2026-01-14 01:57:57"
"ㄲㄸㄴㄷㅅㄸㅂㄷ","3020443",2,"2026-01-14 01:58:22","2026-01-14 01:57:57"
"ㄲㄸㄴㄷㅅㄸㅂㄴ","3018042",2,"2026-01-14 01:58:22","2026-01-14 01:57:57"
"ㄲㄸㄴㄷㅅㄸㄲㄸㄴㄸㄲㅉㄸㅂㄴ","2016468",2,"2026-01-14 01:58:22","2026-01-14 01:57:57"
"ㄲㄸㄴㄷㅅㄸㄲㄸㄴㄸㄲ","2018423",2,"2026-01-14 01:58:22","2026-01-14 01:57:57"
"ㄲㄸㄴㄷㅅㄸㄱㄸㄹㅅ","2020022",2,"2026-01-14 01:58:22","2026-01-14 01:57:57"
"ㅂㄷㄴㄸㄱㄸㄴㅂㄷㄴㅋㄴㅁㅋㅅㄹㄷ","2017074",2,"2026-01-14 01:58:22","2026-01-14 01:57:57"
"ㅂㄷㄴㄸㄱㄸㄴㅂㄷㄴㅋㄴㅁㅋㄱㅂㅊㅋㄸ","2017425",2,"2026-01-14 01:58:22","2026-01-14 01:57:57"
"ㅂㅊㄴㄸㄱㄸㄴㅂㄷㄴㅋㄴㅁㅋㄸㅊㄸㄴㅂㅅ","2021424",2,"2026-01-14 01:58:22","2026-01-14 01:57:57"
"ㄹㄸㄴㄴㄸㄱㄸㄴㅅㄸㄹㅊㅆ","2021082",2,"2026-01-14 01:58:22","2026-01-14 01:57:57"
"ㄹㄸㄴㄴㄸㄱㄸㄴㄲㄸㄴㅂ","2020081",2,"2026-01-14 01:58:22","2026-01-14 01:57:57"
"ㅂㅊㄴㄸㄱㄸㄴㅂㅆㅂ","2023023",2,"2026-01-14 01:58:22","2026-01-14 01:57:57"
"ㅂㅊㄴㄸㄱㄸㄴㅉㄸㄴ","2023004",2,"2026-01-14 01:58:22","2026-01-14 01:57:57"
"ㅂㅊㄴㄸㄱㄸㄴㄲㄷㄴㄸㄸㅆ","2023003",2,"2026-01-14 01:58:22","2026-01-14 01:57:57"
"ㄹㄸㄴㄴㄸㄱㄸㄴㄲㄴㄸㅅ","3021067",2,"2026-01-14 01:58:22","2026-01-14 01:57:57"
"ㅂㅊㄴㄸㄱㄸㄴㄲㄷㄴㄸㄹㄸ","3024001",2,"2026-01-14 01:58:22","2026-01-14 01:57:57"
"ㄴㅋㄲㄷㄴㄸㄸㅆㄹㄹㄸ","3023802",2,"2026-01-14 01:58:22","2026-01-14 01:57:57"
"ㅂㅊㅋㄹㄸㅋㄸㄹㅂㄸㅆ","0021009",2,"2026-01-14 01:58:22","2026-01-14 01:57:57"
"ㄹㅂㄴㅅㅋㄹㅅㄸㅂㄹㄸㅅㄹㄸㄸㄹㄸ","3023040",2,"2026-01-14 01:58:22","2026-01-14 01:57:57"
"ㄹㅂㄴㅅㅋㄹㅅㄸㅂㄸㅂㄹㄸㄸㄹㄸ","3024003",2,"2026-01-14 01:58:22","2026-01-14 01:57:57"
"ㄹㅂㄴㅅㅋㄹㅅㄸㄸㄸㄹㄸ","3024002",2,"2026-01-14 01:58:22","2026-01-14 01:57:57"
"ㄹㅂㄴㅅㅋㄹㅅㄸㅂㄸㅂㄸㅆㄸㄹㄸ","2022081",2,"2026-01-14 01:58:22","2026-01-14 01:57:57"
"ㄹㅂㄴㅅㅋㄹㅅㄸㅆㄸㅆ","2023078",2,"2026-01-14 01:58:22","2026-01-14 01:57:57"
"ㅉㅂㄴㅅㄴㄸㅅㄴㄹㄸㄸㄸㅆㄸㄹㅋㄸㅅㄸ","2115036",2,"2026-01-14 01:58:22","2026-01-14 01:57:57"
"ㅉㅂㄴㅅㄴㄸㅅㄴㄹㄸㄸㄹㅂㅅ","2118040",2,"2026-01-14 01:58:22","2026-01-14 01:57:57"
"ㅉㅂㄴㅅㄴㄸㅅㄴㄹㄸㄸ","2118042",2,"2026-01-14 01:58:22","2026-01-14 01:57:57"
"pb","2118039",2,"2026-01-14 01:58:22","2026-01-14 01:57:57"
"ㅋㄸㅂㄹㄸㄸㅂㄸㄸㅆㄴㄹㄸㄴㄴ","2118039",2,"2026-01-14 01:58:22","2026-01-14 01:57:57"
"pt","3123013",2,"2026-01-14 01:58:22","2026-01-14 01:57:57"
"ㅋㄸㅂㅊㅈㄸㅅㄸㅅㄸㄴㅅㅂ","3123013",2,"2026-01-14 01:58:22","2026-01-14 01:57:57"
"pm","1124001",2,"2026-01-14 01:58:22","2026-01-14 01:57:57"
"ㅋㄸㅂㄹㅂㅉㅊㄴㅂㅊ","1124001",2,"2026-01-14 01:58:22","2026-01-14 01:57:57"
"ㄹㄸㄱㄹㄸㄴㄹㅂㅉㅊ","11NV014",2,"2026-01-14 01:58:22","2026-01-14 01:57:57"
"ac","3120804",2,"2026-01-14 01:58:23","2026-01-14 01:57:57"
"ㅅㅂㄹㅅㅉㅋㅊㄸㄹㄴㅊ","3120804",2,"2026-01-14 01:58:23","2026-01-14 01:57:57"
"ㅅㅂㄹㄸㅅㄴㄲㄹㄸㄴㅂㄹㄴ","2117008",2,"2026-01-14 01:58:23","2026-01-14 01:57:57"
"ㅅㅂㄹㅉㅋㅊㅉㄸㅈ","3121002",2,"2026-01-14 01:58:23","2026-01-14 01:57:57"
"ㅅㅂㄹㅂㄹㅂㅆㄹㄴㅊ","3124401",2,"2026-01-14 01:58:23","2026-01-14 01:57:57"
"ef","2119820",2,"2026-01-14 01:58:23","2026-01-14 01:57:57"
"ㄹㅋㅅㅅㅉㅅㅊㅉㄸㅂㅉㄱㄸㅂㄸㅆㅅㄴㅉㅊㅂㄸ","2120404",2,"2026-01-14 01:58:23","2026-01-14 01:57:57"
"ㄹㅋㅅㅅㅉㅅㅊㅉㄸㅂㅉㄸㅆㄸㄹ","2121403",2,"2026-01-14 01:58:23","2026-01-14 01:57:57"
"ㄹㅋㅅㅅㅉㅅㅊㅉㄸㅂㅉ","2121002",2,"2026-01-14 01:58:23","2026-01-14 01:57:57"
"ㄹㅋㅅㅅㅋㄸㄸㅅㅂㄹㄸㄹㅊㄴ","3122001",2,"2026-01-14 01:58:23","2026-01-14 01:57:57"
"ㄹㅋㅅㅅㅈㅊ","2123001",2,"2026-01-14 01:58:23","2026-01-14 01:57:57"
"ㅊㄴㅊㄴㅅㄸㄴㄸㅅㅅㅅㄸㄴㄸㅅㅅㄹㄱㄸ","2120019",2,"2026-01-14 01:58:23","2026-01-14 01:57:57"
"ㅊㄴㅊㄴㅅㄸㄴㄸㅅㅅㄸㅂㄸㄴㅅㄹㄴㅅㄸㄴㄸㅅㅅ","2120523",2,"2026-01-14 01:58:23","2026-01-14 01:57:57"
"ㅊㄴㅊㄴㅅㄸㄴㄸㅅㅅㅋㅆㅅㅅㄸㄱㅆㄴㅅㄸㄴㄸㅅㅅ","3120012",2,"2026-01-14 01:58:23","2026-01-14 01:57:57"
"ㅊㄴㅊㄴㅅㄸㄴㄸㅅㅅㄸㄹㄷㄴㅅㄸㄴㄸㅅㅅㅊㅂㅉㄴ","2121811",2,"2026-01-14 01:58:23","2026-01-14 01:57:57"
"ㄹㅅㄴㅂㅊㄹㄸㄴㄸㄴㄹㅊㅈㄴ","2118023",2,"2026-01-14 01:58:23","2026-01-14 01:57:57"
"ㄹㅅㄴㅂㅊㄸㅃㄴㄹㅊㅈㄴ","2121831",2,"2026-01-14 01:58:23","2026-01-14 01:57:57"
"ㅅㅊㅂㄴㄹㄸㄴㄸㄴㄹㅊㅈㄴㄸㅆㄸㄹ","2117823",2,"2026-01-14 01:58:23","2026-01-14 01:57:57"
"ㅅㅊㅂㄴㄹㄸㄴㄸㄴㄹㅊㅈㄴㄹㅊㅂㄸ","2118031",2,"2026-01-14 01:58:23","2026-01-14 01:57:57"
"ㅅㅊㅂㄴㄹㄸㄴㄸㄴㄹㅊㅈㄴ","2118533",2,"2026-01-14 01:58:23","2026-01-14 01:57:57"
"ㅅㅊㅂㄴㄸㅃㄴㄹㅊㅈㄴ","2122524",2,"2026-01-14 01:58:23","2026-01-14 01:57:57"
"ㅅㅊㅂㄴㅅㅊㄴㅊㅂ","2117731",2,"2026-01-14 01:58:23","2026-01-14 01:57:57"
"ap","2117030",2,"2026-01-14 01:58:23","2026-01-14 01:57:57"
"ㅅㅊㅂㄴㅋㄸㅇㅅㅊㅂ","2117030",2,"2026-01-14 01:58:23","2026-01-14 01:57:57"
"ㅅㅊㅂㄴㄸㅃㅊㅂㅉㄴ","2119401",2,"2026-01-14 01:58:23","2026-01-14 01:57:57"
"ㅅㅊㅂㄴㄹㅅㅉㅊㅂㅉㄴ","3122402",2,"2026-01-14 01:58:23","2026-01-14 01:57:57"
"ㅅㅊㅂㄴㄱㄸㅋㅅㅊㅈㄴ","61XX401",2,"2026-01-14 01:58:23","2026-01-14 01:57:57"
"ㅅㅊㅂㄴㄱㄸㅋㅅㅊㅈㄴㄸㅆㄸㄹ","61XX402",2,"2026-01-14 01:58:23","2026-01-14 01:57:57"
"ㅅㄱㄸㅋㄱㄸㅋㄲㅅㅅㄹㄱㄸㅂㅋㄸㅅㄸ","2120501",2,"2026-01-14 01:58:23","2026-01-14 01:57:57"
"ㅅㄱㄸㅋㄱㄸㅋㄲㅊㄹㄱㄸㄸㅃ","2120032",2,"2026-01-14 01:58:23","2026-01-14 01:57:57"
"ㄹㅂㄹㅊㄴㅅㅂㅅㅂㅉㄸㅉ","2918807",2,"2026-01-14 01:58:23","2026-01-14 01:57:57"
"ㄹㅂㄹㅊㄴㅉㄹㅋㅂㄸㄸㅂ","2917808",2,"2026-01-14 01:58:23","2026-01-14 01:57:57"
"ㅆㄹㅅㄲㅋㄹㄸㄴㄴㅅ","1916401",2,"2026-01-14 01:58:23","2026-01-14 01:57:57"
"ㅆㄹㅅㄲㅋㄹㄸㄸㅆ","19NV101",2,"2026-01-14 01:58:23","2026-01-14 01:57:57"
"ㅂㄹㄸㅉㄹㄸㅅ","2918810",2,"2026-01-14 01:58:23","2026-01-14 01:57:57"
"ㅂㄹㄸㅉㅊㄸ","2916809",2,"2026-01-14 01:58:23","2026-01-14 01:57:57"
"ㅂㄹㄸㅉㅂㄸㄴㄴ","3919802",2,"2026-01-14 01:58:23","2026-01-14 01:57:57"
"sg","49NV001",2,"2026-01-14 01:58:23","2026-01-14 01:57:57"
"ㅂㅊㄸㄱㄸㄴㅈㅊㅋㄸㄴㅅㄸㅆ","49NV001",2,"2026-01-14 01:58:23","2026-01-14 01:57:57"
"sa","39NV001",2,"2026-01-14 01:58:23","2026-01-14 01:57:57"
"ㅂㅊㄸㅅㅅㄸㅂㄹㄴㄹㄸ","39NV001",2,"2026-01-14 01:58:23","2026-01-14 01:57:57"
"cb","2C19001",2,"2026-01-14 01:58:23","2026-01-14 01:57:57"
"ㅉㅂㅅㅊㄹㅂㅊㄸㄴ","2C19001",2,"2026-01-14 01:58:23","2026-01-14 01:57:57"
"ㅉㅂㅅㅊㅉㅊㄸㅂㅊㄸㄴ","2C17801",2,"2026-01-14 01:58:23","2026-01-14 01:57:57"
"ㅉㅂㅅㅊㅉㅊㄸㅂㅊㅌㅅㅊ","3C19801",2,"2026-01-14 01:58:23","2026-01-14 01:57:57"
"ㄱㄸㅌㅂㅊㅊㄸㅂㄹㅊㅆㅋㅊ","AC21402",2,"2026-01-14 01:58:23","2026-01-14 01:57:57"
"g1","AC94001",2,"2026-01-14 01:58:23","2026-01-14 01:57:57"
"ㄸㅋㄴㄹㄸㄴㄹㄸ","1H19002",2,"2026-01-14 01:58:22","2026-01-14 01:57:56"
"ㅈㅂㅌㅅㅆㄸㅆㄸㅆㄹ","00NV804",2,"2026-01-14 01:58:22","2026-01-14 01:57:56"
"ㅈㅂㅌㅅㅆㄹㄸㄹㄸㅆ","0018801",2,"2026-01-14 01:58:22","2026-01-14 01:57:56"
"ㅈㅂㅌㅅㅆㄹㄸㄴㄹㄸㄴㅌ","0007804",2,"2026-01-14 01:58:22","2026-01-14 01:57:56"
"ㅈㅂㅌㅅㅆㅂㅋㅅㅈㄸ","00MV401",2,"2026-01-14 01:58:22","2026-01-14 01:57:56"
"ㅂㅊㄸㄸㅆㄹㄸㄱㄸㅉㄸ","00MV002",2,"2026-01-14 01:58:22","2026-01-14 01:57:56"
"ㅂㅊㄸㄸㅆㅃㄴㅅㄹㄸㄱㄸㅉㄸ","00MV003",2,"2026-01-14 01:58:22","2026-01-14 01:57:56"
"ㅂㅊㄸㄹㄸㄴㄹㄸㄹㄸㄱㄸㅉㄸ","00MV004",2,"2026-01-14 01:58:22","2026-01-14 01:57:56"
"ㅂㅊㄸㅂㄱㄴㅈㄹㄸㄱㄸㅉㄸ","00MV001",2,"2026-01-14 01:58:22","2026-01-14 01:57:56"
"sp","00MV005",2,"2026-01-14 01:58:22","2026-01-14 01:57:56"
"ㅂㅊㄸㅋㅌㄸㄴㅅㄹㄸㄱㄸㅉㄸ","00MV005",2,"2026-01-14 01:58:22","2026-01-14 01:57:56"
"ㄸㄱㅅㄷㅌㄹㄸㄲㄸㄴㄹㄴㄸㄹㄸㅂㅌㄸㅂㅌㄹㅌㄴ","0016009",2,"2026-01-14 01:58:22","2026-01-14 01:57:56"
"lr","00MV007",2,"2026-01-14 01:58:22","2026-01-14 01:57:56"
"ㄸㄱㅅㄷㅌㄹㄸㄸㅆㄹㄸㅃㅋㅆㄴㅊㄸㅋㅅ","00MV007",2,"2026-01-14 01:58:22","2026-01-14 01:57:56"
"ㄸㄱㅅㄷㅌㄹㄸㄹㄸㅃㅋㅆㄴㅊㄸㅋㅅ","00MV006",2,"2026-01-14 01:58:22","2026-01-14 01:57:56"
"ㄸㄱㅅㄷㅌㄹㄸㄹㄸㄴㄹㄸㅅㅂㅊㄸㄹㄸㅃㅋㅆㄴㅊㄸㅋㅅ","00MV008",2,"2026-01-14 01:58:22","2026-01-14 01:57:56"
"ㄸㄱㅅㄷㅌㄹㄸㅋㄸㄸㄴㄹㄸ","00MV010",2,"2026-01-14 01:58:22","2026-01-14 01:57:56"
"ㅉㄸㅂㅊㅋㅋㄷㅅㄸㄹㄴㅂㄸㅅㅆㄱㄸㅉㄸㄹㄸㄴㄹㄸ","00MV014",2,"2026-01-14 01:58:22","2026-01-14 01:57:56"
"ㅂㅊㄱㄸㅆㄱㅂㅊㄸ","3019443",2,"2026-01-14 01:58:22","2026-01-14 01:57:56"
"ㅂㄷㄹㅅㅅ","2019416",2,"2026-01-14 01:58:22","2026-01-14 01:57:56"
"ㅂㄷㄹㅂㅊㅉㅅ","2020017",2,"2026-01-14 01:58:22","2026-01-14 01:57:56"
"ㅂㄷㄸㅂㄱㄸㄴ","2020018",2,"2026-01-14 01:58:22","2026-01-14 01:57:56"
"ㅂㄷㄸㄹㄸㅂ","2016530",2,"2026-01-14 01:58:22","2026-01-14 01:57:56"
"ㄹㄹㅅㄹㅉㄸㄹㄴㄹㄸㄱㄴㄱㄸㄲㄹㄸㅆ","10NV003",2,"2026-01-14 01:58:22","2026-01-14 01:57:56"
"ㄹㄹㅅㄹㅉㄸㄹㄴㄹㄸㄱㄴㄱㄸㄲㄹㄹㄸ","10NV004",2,"2026-01-14 01:58:22","2026-01-14 01:57:56"
"ㅂㄸㄸㄹㄸㄴㄹㄸㄹㄸ","10NV009",2,"2026-01-14 01:58:22","2026-01-14 01:57:56"
"ㅂㄸㄸㄹㄸㄴㄹㄸㄴㄹㅂ","10nv010",2,"2026-01-14 01:58:22","2026-01-14 01:57:56"
"ㄹㄹㅅㄹㄸㄸㅊㄸㅋㅌㄹㅂㄲㄸㅆ","10NV013",2,"2026-01-14 01:58:22","2026-01-14 01:57:56"
"ㄹㄹㅅㄹㅂㄸㄸㅂㅋㄸㅈㄹㄸㅉㄸㅊ","10XX010",2,"2026-01-14 01:58:22","2026-01-14 01:57:56"
"ㄹㄹㅅㄹㅂㄸㄸㅂㅋㄸㅈㅅㄴㅋㄸㅅ","10XX012",2,"2026-01-14 01:58:22","2026-01-14 01:57:56"
"ㄹㄹㅅㄹㅂㄸㄸㅂㅋㄸㅈㅅㄸㅆ","10XX011",2,"2026-01-14 01:58:22","2026-01-14 01:57:56"
"ㄴㄹㄴㄹㄴㄹㄸㄱㄴㅅㄸㄱㄷ","3018401",2,"2026-01-14 01:58:22","2026-01-14 01:57:56"
"ㄴㄹㄴㄹㄴㅅㅂㄴㄸㅂㄸㄲㄸ","3011401",2,"2026-01-14 01:58:22","2026-01-14 01:57:56"
"ㄴㄹㄸㄸㅅㄹㄸㄹㄴㄸㄹㄹ","2013046",2,"2026-01-14 01:58:22","2026-01-14 01:57:56"
"ㄴㄹㄸㄸㅅㄴㅅㅂㅆㄸㅆㅅㅆㄸ","2014441",2,"2026-01-14 01:58:22","2026-01-14 01:57:56"
"ㄴㄹㄸㄸㅅㄹㄸㄹㄴㅅㅆㄴㄹㄸㅅㄸ","2011074",2,"2026-01-14 01:58:22","2026-01-14 01:57:56"
"ㄴㄹㄸㄸㅅㄸㄹㄴㅂㄹㄹ","2014447",2,"2026-01-14 01:58:22","2026-01-14 01:57:56"
"ㄹㅆㄸㄸㅅㅂㅂㄴㄹㄸㅂㄸㅂㄴㄹ","3013041",2,"2026-01-14 01:58:22","2026-01-14 01:57:56"
"ㄹㅆㄸㄸㅅㅂㅂㄴㄹㄸㅂㄹㅆ","3013037",2,"2026-01-14 01:58:22","2026-01-14 01:57:56"
"ㄹㅆㄸㄸㅅㅁㄸㄴㄹㄸㅂㄸㅋㄸㅊㅅ","3013036",2,"2026-01-14 01:58:22","2026-01-14 01:57:56"
"ㄹㅆㄸㄸㅅㅂㄹㄴㄸㄹㄸㅌㄷㅂ","2003534",2,"2026-01-14 01:58:22","2026-01-14 01:57:56"
"ㄹㅆㄸㄸㅅㅂㄸㄸㄹ","2003533",2,"2026-01-14 01:58:22","2026-01-14 01:57:56"
"ㄹㅆㄸㄸㅅㅂㅊㄴ","2003672",2,"2026-01-14 01:58:22","2026-01-14 01:57:56"
"ㄹㅆㄸㄸㅅㄹㄸㅂ","3017437",2,"2026-01-14 01:58:22","2026-01-14 01:57:56"
"ㄹㅆㄸㄸㅅㄹㅊㄸ","2018072",2,"2026-01-14 01:58:22","2026-01-14 01:57:56"
"ㄹㅆㄸㄸㅅㄴㅅㅂㅆㄸㅆ","2013072",2,"2026-01-14 01:58:22","2026-01-14 01:57:56"
"ㄹㅆㄸㄸㅅㄹㄸㄱㄴㄹㄸㅋㄸㄸㄴㄹㄴ","30NV007",2,"2026-01-14 01:58:22","2026-01-14 01:57:56"
"ㄹㅆㄸㄸㅅㄹㄸㄱㄴㄹㄸ","3018005",2,"2026-01-14 01:58:22","2026-01-14 01:57:56"
"ㄹㅆㄸㄸㅅㄹㅆㄸㄹㄸㅆㅋㄸㄹㄸ","2025001",2,"2026-01-14 01:58:22","2026-01-14 01:57:56"
"ㄹㅆㄸㅂㄹㄸㅂㅂㄴㄹㄸㅂㄹㅅㅅㄹㄴ","3021068",2,"2026-01-14 01:58:22","2026-01-14 01:57:56"
"ㄹㅆㄸㅂㄹㄸㅉㄸㅊㅂㄸㄹㄴㄱㄸㅉㄸ","3022853",2,"2026-01-14 01:58:22","2026-01-14 01:57:56"
"ㄹㅆㄸㅂㄹㄸㅁㄸㄴㄹㄸㅂㄸㅋㄸㅊㅅ","3022803",2,"2026-01-14 01:58:22","2026-01-14 01:57:56"
"ㄹㅆㄸㅂㄹㄸㅁㄸㄴㄹㄸㅂㄸㅂㄱ","3022844",2,"2026-01-14 01:58:22","2026-01-14 01:57:56"
"ㄹㅆㄸㅂㄹㄸㅁㄸㄴㄹㄸㅂㄹㅅㅅㄹㄴ","3021852",2,"2026-01-14 01:58:22","2026-01-14 01:57:56"
"ㄹㅆㄸㅂㄹㄸㄹㄸㅂㅋㄸㅅ","3018704",2,"2026-01-14 01:58:22","2026-01-14 01:57:56"
"ㄹㅆㄸㅂㄹㄸㄹㄸㄱㄴㅂㄴㄴㄲㄹㄸㅆㄹ","3020041",2,"2026-01-14 01:58:22","2026-01-14 01:57:56"
"ㄹㅆㄸㅂㄹㄸㄹㄸㄱㄴㅂㄴㄴㄹㅅㅅㄹㄴ","3016501",2,"2026-01-14 01:58:22","2026-01-14 01:57:56"
"ㄹㅆㄸㅂㄹㄸㅂㄹㄸㄹㅅㅅㄹㄴ","3021701",2,"2026-01-14 01:58:22","2026-01-14 01:57:56"
"ㄹㅆㄸㅂㄹㄸㅂㄹㄸㅊㄱㄸㅉㄸ","2019805",2,"2026-01-14 01:58:22","2026-01-14 01:57:56"
"ㄹㅆㄸㅂㄹㄸㅂㄹㄸㅊㅉㄸㄴㄹㅆㄱㄸㅉㄸ","2015850",2,"2026-01-14 01:58:22","2026-01-14 01:57:56"
"ㄹㅆㄸㅂㄹㄸㄹㄹㄸㄱㄸㅉㄸ","2019804",2,"2026-01-14 01:58:22","2026-01-14 01:57:56"
"ㄹㅆㄸㅂㄹㄸㅅㅃㅆㄱㄸㅉㄸ","2019825",2,"2026-01-14 01:58:22","2026-01-14 01:57:56"
"ㄹㅆㄸㅂㄹㄸㄲㄸㄴㄹㅆㄱㄸㅉㄸ","2019866",2,"2026-01-14 01:58:22","2026-01-14 01:57:56"
"ㄹㅆㄸㅂㄹㄸㄹㄸㄹㄴㄸㅂㅂ","2019026",2,"2026-01-14 01:58:22","2026-01-14 01:57:56"
"ㄹㅆㄸㅂㄹㄸㄹㄸㄹㄴ","2017075",2,"2026-01-14 01:58:22","2026-01-14 01:57:56"
"ㄹㅆㄸㅂㄹㄸㅆㄹㄸㅂㄹㄸㅊ","2020806",2,"2026-01-14 01:58:22","2026-01-14 01:57:56"
"ㄹㅆㄸㅂㄹㄸㄴㅅㅂㅆㄸㅆㄸㅋㄸㄸㅅ","2020672",2,"2026-01-14 01:58:22","2026-01-14 01:57:56"
"ㄹㅆㄸㅂㄹㄸㄴㅂㅆㄸㅆ","2019020",2,"2026-01-14 01:58:22","2026-01-14 01:57:56"
"ㄹㅆㄸㅂㄹㄸㄹㄴㅅㅉㄸㄲㄸㄴㅂ","2017822",2,"2026-01-14 01:58:22","2026-01-14 01:57:56"
"ㄹㅆㄸㅂㄹㄸㅂㄹㄹㅆㄴㄸㅋ","2018865",2,"2026-01-14 01:58:22","2026-01-14 01:57:56"
"ㄹㅆㄸㅂㄹㄸㅂㄹㄴㄸㄹㄹㅅㅅㄹㄴ","2017824",2,"2026-01-14 01:58:22","2026-01-14 01:57:56"
"ㄹㅆㄸㅂㄹㄸㄹㄸㄱㄴㅋㄴㄴㅅㄲㄹㄸㅆㄹ","2022024",2,"2026-01-14 01:58:22","2026-01-14 01:57:56"
"ㄹㅆㄸㅂㄹㄸㄹㄸㄱㄴㅋㄴㄴㅅㄹㅅㅅㄹㄴ","2020502",2,"2026-01-14 01:58:22","2026-01-14 01:57:56"
"ㄴㄹㄱㅅㄹㄴㅋㄸㄸㄴㅂㅆㄸㅆㅉㄸㄴㅋㄸㅅ","2019042",2,"2026-01-14 01:58:22","2026-01-14 01:57:56"
"ㄴㄹㄱㅅㄹㄴㅋㄸㄸㅋㄹㄸㄸㄹㄹㄸㅅ","2019078",2,"2026-01-14 01:58:22","2026-01-14 01:57:56"
"ㄴㄹㄱㅅㄹㄴㅋㄸㄸㅋㅂㅉㄸㄴㅂㅋㅊㄸ","2019080",2,"2026-01-14 01:58:22","2026-01-14 01:57:56"
"ㄴㄹㄱㅅㄹㄴㅋㄸㄸㄴㅂㅆㄸㅆㄸㅉㄸㅋㄸㅅ","2019079",2,"2026-01-14 01:58:22","2026-01-14 01:57:56"
"ㄴㄹㄱㅅㄹㄴㅋㄸㄸㄹㄴㅅㄹ","2019069",2,"2026-01-14 01:58:22","2026-01-14 01:57:56"
"ㄴㄹㄱㅅㄹㄴㅋㄸㄸㄹㄸㄱㄴㅅㄷㅉㅊㄴㄴㄸㄴㅅㄱㄷㄸㅆ","2020083",2,"2026-01-14 01:58:22","2026-01-14 01:57:56"
"ㄴㄹㄱㅅㄹㄴㅋㄸㄸㄹㄸㄱㄴㅅㄷㅉㅊㄴㄴㄸㅆ","2021083",2,"2026-01-14 01:58:22","2026-01-14 01:57:56"
"ㄴㄹㄱㅅㄹㄴㅋㄸㄸㄹㄸㄱㄴㅅㄷㅉㅊㄴㄴㄴㄹㅅㅆㅅㄱㄷㄹㄸ","3021064",2,"2026-01-14 01:58:22","2026-01-14 01:57:56"
"ㄴㄹㄱㅅㄹㄴㅋㄸㄸㄹㄸㄱㄴㅅㄷㅉㅊㄴㄴㄹㄸ","3021851",2,"2026-01-14 01:58:22","2026-01-14 01:57:56"
"ㄴㄹㄱㅅㄹㄴㅋㄸㄸㄹㄸㄱㄴㅅㄸㄱㅊㄹㄸㄹㅅㅅㄹㄴ","3020068",2,"2026-01-14 01:58:22","2026-01-14 01:57:56"
"ㄹㅂㅆㄸㄸㄴㄹㄸㅂㄱㄸㅉㄸ","3022501",2,"2026-01-14 01:58:22","2026-01-14 01:57:56"
"ㄹㅂㅆㄸㄸㄴㄹㄷㄸㄹㄸㅂㄱㄸㅉㄸ","3022501",2,"2026-01-14 01:58:22","2026-01-14 01:57:56"
"ㄹㅂㅆㄸㄸㄴㅉㄸㅊㅂㄸㄹㄴㄱㄸㅉㄸ","3022641",2,"2026-01-14 01:58:22","2026-01-14 01:57:56"
"ㄹㅂㅆㄸㄸㄴㅂㅂㄴㄹㄸㅂㄹㄸㄹㅆ","3022452",2,"2026-01-14 01:58:22","2026-01-14 01:57:56"
"ㄹㅂㅆㄸㄸㄴㅂㅂㄴㄹㄸㅂㄹㅅㅅㄹㄴ","3022550",2,"2026-01-14 01:58:22","2026-01-14 01:57:56"
"ㄹㅂㅆㄸㄸㄴㄹㄸㅂㄹㄸㄴ","3022439",2,"2026-01-14 01:58:22","2026-01-14 01:57:56"
"ㄹㅂㅆㄸㄸㄴㄹㄸㅂㄸㄲㄸ","3022047",2,"2026-01-14 01:58:22","2026-01-14 01:57:56"
"ㄹㅂㅆㄸㄸㄴㄹㄸㅂㄸㄴㄸㄹ","3022601",2,"2026-01-14 01:58:22","2026-01-14 01:57:56"
"ㄹㅂㅆㄸㄸㄴㄹㄸㅂㄸㄹㅆ","3022540",2,"2026-01-14 01:58:22","2026-01-14 01:57:56"
"ㄹㅂㅆㄸㄸㄴㅂㄷㄹㅅㅌㄹ","3022441",2,"2026-01-14 01:58:22","2026-01-14 01:57:56"
"ㄹㅂㅆㄸㄸㄴㄸㄸㅉㄸㄱㄸㅆㄴ","3022843",2,"2026-01-14 01:58:22","2026-01-14 01:57:56"
"ㄹㅂㅆㄸㄸㄴㅋㅅㅋㅂㄹㅅㅅㄹㄴ","3021841",2,"2026-01-14 01:58:22","2026-01-14 01:57:56"
"ㄹㅂㅆㄸㄸㄴㄹㄸㄱㄴㅂㄸㄴㄴㅉㄹㅂㄹㅂ","3021440",2,"2026-01-14 01:58:22","2026-01-14 01:57:56"
"ㄹㅂㅆㄸㄸㄴㅆㄹㄸㅂㄹㄸㅊㄹㅅㅅㄹㄴ","2021013",2,"2026-01-14 01:58:22","2026-01-14 01:57:56"
"ㄹㅂㅆㄸㄸㄴㅂㅂㄴㄹㄸㅂㄸㅆㄹㅆ","2021421",2,"2026-01-14 01:58:22","2026-01-14 01:57:56"
"ㄹㅂㅆㄸㄸㄴㅅㄸㅂㅉㄸㅊㄹㅅㅅㄹㄴ","2021012",2,"2026-01-14 01:58:22","2026-01-14 01:57:56"
"ㄹㅂㅆㄸㄸㄴㅋㄹㄸㄸㅆㅋㄴ","2017413",2,"2026-01-14 01:58:22","2026-01-14 01:57:56"
"ㄹㅂㅆㄸㄸㄴㅋㄹㄸㄹㅅㅅㄹㄴ","2021402",2,"2026-01-14 01:58:22","2026-01-14 01:57:56"
"ㄹㅂㅆㄸㄸㄴㄹㄴㄸㅂㄷㄴ","2021474",2,"2026-01-14 01:58:22","2026-01-14 01:57:56"
"ㄹㅂㅆㄸㄸㄴㄹㄴㄹㅅㅅㄹㄴ","2021501",2,"2026-01-14 01:58:22","2026-01-14 01:57:56"
"ㄹㅂㅆㄸㄸㄴㅂㅊㄴㄹㅅㅅㄹㄴ","2021412",2,"2026-01-14 01:58:22","2026-01-14 01:57:56"
"ㄹㅂㅆㄸㄸㄴㄹㄸㄱㄴㅋㄴㄴㅅㅉㄹㅂㄹㅂ","2021011",2,"2026-01-14 01:58:22","2026-01-14 01:57:56"
"ㄴㄹㄸㅆㄹㄸㅋㄸㄴㄹㄸㅂㄸㅂㄱ","3022404",2,"2026-01-14 01:58:22","2026-01-14 01:57:56"
"ㅂㅂㄴㄹㄸㅂㄹㄸㄹㅆㄲㄸㅋㄷㅅㄹㄴㅋㄹㄸ","3022403",2,"2026-01-14 01:58:22","2026-01-14 01:57:56"
"ㄴㄹㄸㅆㄹㄸㅂㅊㄴㄹㄸㄹㄸㄱㄸ","3021446",2,"2026-01-14 01:58:22","2026-01-14 01:57:56"
"ㄴㄹㄸㅆㄹㄸㅂㅊㄴㄹㄸㄲㄴㅂ","3022402",2,"2026-01-14 01:58:22","2026-01-14 01:57:56"
"ㄴㄹㄸㅆㄹㄸㅂㅂㄴㄹㄸㅂㄸㅆㄹㅆㄲㄸㅋㄷㅅㄹㄴㅋㄸㅆ","2020420",2,"2026-01-14 01:58:22","2026-01-14 01:57:56"
"ㄴㄹㄸㅆㄹㄸㅂㅊㄴㄸㅆㄱㄸㄹㅅ","2019426",2,"2026-01-14 01:58:22","2026-01-14 01:57:56"
"ㄴㄹㄸㅆㄹㄸㅂㅊㄴㄸㅆㄹㄸㄱㄸ","2019419",2,"2026-01-14 01:58:22","2026-01-14 01:57:56"
"ㄴㄹㄸㅆㄹㄸㅂㅊㄴㄸㅆㄲ","2019425",2,"2026-01-14 01:58:22","2026-01-14 01:57:56"
"ㄸㄴㅋㄴㄹㅆㄹㄸㅂ","3021062",2,"2026-01-14 01:58:22","2026-01-14 01:57:56"
"ㄸㄴㅋㄴㄹㅆㄹㅉㄸㅂㄴㅆㄸ","3021061",2,"2026-01-14 01:58:22","2026-01-14 01:57:56"
"ㄸㄴㅋㄴㄹㅆㄹㄸㄱㄴㅂㄸㄴㄴ","3021060",2,"2026-01-14 01:58:22","2026-01-14 01:57:56"
"ㄸㄴㅋㄴㄹㅆㅋㄹㄸㅂㄸㄹㅉㄸㄴㄴ","2021079",2,"2026-01-14 01:58:22","2026-01-14 01:57:56"
"ㄸㄴㅋㄴㄹㅆㅋㄹㄸ","2021078",2,"2026-01-14 01:58:22","2026-01-14 01:57:56"
"ㄸㄴㅋㄴㄹㅆㄹㄸㄹㅋㅆ","2021077",2,"2026-01-14 01:58:22","2026-01-14 01:57:56"
"ㄸㄴㅋㄴㄹㅆㄹㄸㄱㄴㅋㄴㄴㅅ","2021076",2,"2026-01-14 01:58:22","2026-01-14 01:57:56"
"상트네 루즈 꼼므 피노누아","2019425",1,"2026-01-12 04:02:13","2026-01-12 04:02:13"
"루돌프 드모조 브루고뉴 샤도","3021060",1,"2026-01-12 04:02:03","2026-01-12 04:02:03"
"메종로쉬 뀌베 리저브","3020041",1,"2026-01-12 04:01:38","2026-01-12 04:01:38"
"피터프레너스 나파밸리 메를로","2419525",1,"2026-01-12 03:59:21","2026-01-12 03:59:21"
"hp","훕스",1,"2026-01-12 03:09:00","2026-01-12 03:09:00"
"em","에밀리아나",1,"2026-01-12 03:09:00","2026-01-12 03:09:00"
"gc","갤리가",1,"2026-01-12 03:08:11","2026-01-12 03:08:11"
"rg","릿지",1,"2026-01-12 03:06:43","2026-01-12 03:06:43"
"re","레드카",1,"2026-01-12 03:06:43","2026-01-12 03:06:43"
"ps","피쏘니",1,"2026-01-12 03:05:39","2026-01-12 03:05:39"
"co","콘세이토",1,"2026-01-12 03:04:17","2026-01-12 03:04:17"
"gh","그라함",1,"2026-01-12 03:04:17","2026-01-12 03:04:17"
"at","알테치노",1,"2026-01-12 03:02:59","2026-01-12 03:02:59"
"sm","수마로카",1,"2026-01-12 03:02:59","2026-01-12 03:02:59"
"or","오르넬라이아",1,"2026-01-12 03:02:58","2026-01-12 03:02:58"
"vp","볼파이아",1,"2026-01-12 03:02:02","2026-01-12 03:02:02"
"bo","보르고 몰리노",1,"2026-01-12 03:02:01","2026-01-12 03:02:01"
"dp","도팡",1,"2026-01-12 03:00:42","2026-01-12 03:00:42"
"df","도프",1,"2026-01-12 03:00:41","2026-01-12 03:00:41"
"mg","로돌프 드모조",1,"2026-01-12 02:59:39","2026-01-12 02:59:39"
"vc","뷰 콜라주",1,"2026-01-12 02:59:39","2026-01-12 02:59:39"
"bl","로쉬 벨렌",1,"2026-01-12 02:58:41","2026-01-12 02:58:41"
"la","르로아",1,"2026-01-12 02:58:40","2026-01-12 02:58:40"
"hb","그랑 주가",1,"2026-01-12 02:57:37","2026-01-12 02:57:37"
"ma","마이에",1,"2026-01-12 02:57:37","2026-01-12 02:57:37"
"wm","샤또 레 마레쇼",1,"2026-01-12 02:57:37","2026-01-12 02:57:37"
"lg","레귀에뜨 호믈로",1,"2026-01-12 02:55:25","2026-01-12 02:55:25"
"rf","라피니",1,"2026-01-12 02:55:24","2026-01-12 02:55:24"
"su","수티랑",1,"2026-01-12 02:55:24","2026-01-12 02:55:24"